{"cameraMode":{"drawMode":0,"name":"Shaded","section":"Shading Mode"},"sceneLighting":false,"audioPlay":false,"sceneViewState":{"showFog":true,"showMaterialUpdate":false,"showSkybox":false,"showFlares":true,"showImageEffects":true,"showParticleSystems":true},"in2DMode":false,"pivot":{"x":-1.1874990463256837,"y":0.19234567880630494,"z":-0.040647804737091067},"rotation":{"x":-0.009611695073544979,"y":0.968436062335968,"z":-0.24625124037265778,"w":-0.03778810799121857},"size":1.1276226043701172,"orthographic":false}