{"cameraMode":{"drawMode":0,"name":"Shaded","section":"Shading Mode"},"sceneLighting":false,"audioPlay":false,"sceneViewState":{"showFog":true,"showMaterialUpdate":false,"showSkybox":false,"showFlares":true,"showImageEffects":true,"showParticleSystems":true},"in2DMode":false,"pivot":{"x":-0.036993689835071567,"y":-0.022324219346046449,"z":0.007397115230560303},"rotation":{"x":0.10146257281303406,"y":-0.8652153015136719,"z":0.19474956393241883,"w":0.4507662057876587},"size":0.5021144151687622,"orthographic":false}