{"cameraMode":{"drawMode":0,"name":"Shaded","section":"Shading Mode"},"sceneLighting":false,"audioPlay":false,"sceneViewState":{"showFog":true,"showMaterialUpdate":false,"showSkybox":false,"showFlares":true,"showImageEffects":true,"showParticleSystems":true},"in2DMode":false,"pivot":{"x":-1.583570122718811,"y":-1.316633939743042,"z":-3.8565173149108888},"rotation":{"x":0.030636470764875413,"y":-0.9688388109207153,"z":0.15684780478477479,"w":0.18924033641815186},"size":5.017080783843994,"orthographic":false}