{"cameraMode":{"drawMode":0,"name":"Shaded","section":"Shading Mode"},"sceneLighting":false,"audioPlay":false,"sceneViewState":{"showFog":true,"showMaterialUpdate":false,"showSkybox":false,"showFlares":true,"showImageEffects":true,"showParticleSystems":true},"in2DMode":false,"pivot":{"x":-0.43000927567481997,"y":-0.2609858512878418,"z":-3.696798324584961},"rotation":{"x":0.007919205352663994,"y":0.9814278483390808,"z":-0.1871180683374405,"w":0.041535407304763797},"size":5.212717056274414,"orthographic":false}