{"cameraMode":{"drawMode":0,"name":"Shaded","section":"Shading Mode"},"sceneLighting":false,"audioPlay":false,"sceneViewState":{"showFog":true,"showMaterialUpdate":false,"showSkybox":false,"showFlares":true,"showImageEffects":true,"showParticleSystems":true},"in2DMode":false,"pivot":{"x":-0.0011040568351745606,"y":0.38693729043006899,"z":-0.002280697226524353},"rotation":{"x":-0.009163543581962586,"y":0.9832928776741028,"z":-0.17436149716377259,"w":-0.05167054757475853},"size":1.8528441190719605,"orthographic":false}